y,a,b,c,d
13.08745488254056,1.8296120869927108,1.6965864449739456,1.9799311705864966,0
11.975766128228315,1.8741508265957236,0.12549266358837485,0.8769872253760695,1
0.7193678741612932,0.5722790695726871,1.6396901751868427,1.3998064352199435,0
15.608520978009548,1.660895252134651,1.0787205882370472,1.7781539112329483,1
5.969419352517447,1.283491037786007,0.9980401978828013,1.6683189463801682,0
9.432768273435686,1.0381918982602656,0.04445464164018631,1.468842920847237,1
11.138196127387888,1.4731766292825341,1.1081862691789865,1.293806614819914,1
7.493748078421124,0.269333194475621,1.439795205835253,1.68575653526932,1
1.0658104206103056,1.3139845808036625,0.4714304585941136,0.3192825033329427,0
4.15082953281086,1.4101295680738986,1.6237593623809516,0.7274124547839165,0
0.8352975456123336,0.9154835524968803,0.8429477941244841,0.5501850177533925,1
3.4514752202622163,1.4382245033048093,1.1298211016692221,0.24958904506638646,1
14.192398756868487,1.869344494305551,0.3033815692178905,1.1312538981437683,1
5.446498695950832,0.5108576486818492,0.3895848710089922,1.3464804459363222,1
-2.4706730797254193,0.9245856450870633,0.3335660728625953,0.003406260162591934,0
12.457447522176437,1.8800290455110371,1.6702191443182528,1.6018424448557198,0
10.132223875977928,1.956452856771648,0.22215679846704006,0.3964857314713299,1
1.2440880704487496,0.2349747233092785,0.5361402132548392,1.3334908778779209,0
4.194874806287098,0.9499941631220281,1.596961940638721,1.575468617491424,0
6.277888584785316,1.120665492489934,0.5978588163852692,1.9043629420921206,0
10.775183947136261,1.8080627745948732,1.735137504991144,0.7653551548719406,1
2.997495793583438,0.27742033544927835,0.07884649420157075,1.0527553628198802,1
12.05873206661441,1.9777834578417242,0.6796470200642943,0.7767082299105823,1
7.230061453718364,1.8933364651165903,0.6191921909339726,0.2634552004747093,0
7.544657077852027,0.164875116199255,0.25890737073495984,1.6154368370771408,1
4.293464488072569,1.028423568699509,0.7476689699105918,1.3724993760697544,0
2.0568622297367742,0.780406934209168,0.9299312578514218,0.5861970181576908,1
11.87950200852161,1.8114762618206441,0.09321637777611613,0.8398979064077139,1
3.674128465969968,0.8939392562024295,1.9750323984771967,1.4705221080221236,0
10.167180301433136,1.6720085199922323,1.8169046607799828,1.6996424910612404,0
2.644894736215597,1.4751912355422974,1.958780293352902,0.1549291773699224,1
6.945257655575532,1.622110282536596,0.34094442753121257,0.567728509195149,1
-1.9357692951553926,0.77621656563133,0.0854687481187284,0.21962997782975435,1
3.7675322775018087,1.3703394588083029,0.2856647279113531,0.44387839641422033,1
-4.316454649371961,0.00789667759090662,0.7211616830900311,0.09410986676812172,0
4.430486095521179,1.6658321605063975,1.0888410992920399,0.12175429658964276,1
2.402270091693152,0.01466829376295209,1.8747932370752096,1.067260392010212,1
-3.0972106732326448,0.41531794564798474,1.2710977317765355,0.19659918220713735,0
8.855454988462807,1.8132028155960143,0.9694930631667376,0.8366927509196103,0
1.1987043201580305,1.2235572868958116,0.17179245501756668,0.24147280398756266,0
3.519630673657683,0.7591184810735285,1.8898263741284609,1.8506614216603339,0
-2.7833820624983434,0.871543169952929,0.6934275436215103,0.019259035121649504,1
2.06206556062722,0.07486206572502851,0.7386924466118217,0.9666724009439349,1
12.205573195606053,1.947079827543348,1.2482974859885871,1.5144489975646138,0
10.635949795192753,0.8635024977847934,1.4548116507939994,1.8241852773353457,1
17.385469394457008,1.9151531932875514,0.3958562179468572,1.5549385733902454,1
11.765034788171604,1.7755098110064864,1.17743040015921,1.9482521386817098,0
2.064674186151175,1.2799575389362872,1.6857943339273334,0.3241616073064506,1
10.823321723716713,1.941933220718056,1.998758064582944,0.6234701392240822,1
3.2112049436908316,1.2376764146611094,0.022876498755067587,0.8797127916477621,0
1.8461413558715223,0.6668544225394726,1.6426637000404298,1.302308866288513,0
7.280732027260191,0.6934964964166284,0.41124765295535326,1.3811977407895029,1
-0.5086434700762559,0.7969708228483796,0.227609702385962,0.3981704362668097,1
8.807361865565841,1.5693855513818562,1.3761713271960616,1.5992936277762055,0
2.3439618403560916,0.0778729822486639,0.545922638848424,1.5394797013141215,0
6.772192724495847,1.4975907723419368,1.6463397582992911,1.3186980220489204,0
1.9956574689306568,1.35455366037786,1.2887928043492138,0.2802489148452878,0
5.026885725739808,0.34252866078168154,1.0558045618236065,1.336544054094702,1
-1.3643004291382352,0.5221759276464581,0.05730193620547652,0.30466826958581805,1
3.0712367293004883,1.0288258693180978,0.5743400785140693,1.155757577624172,0
4.927279572271203,1.3512145490385592,0.07116705691441894,1.227260489948094,0
9.364621095148731,1.9656343958340585,1.7957359072752297,0.30144929187372327,1
6.7751890723264845,1.519088535103947,0.2619378729723394,1.0723574846051633,0
3.8641052305264747,1.132976848166436,0.10288817761465907,1.1429488556459546,0
11.333324339625651,1.6993794371373951,0.7278930456377566,1.2071589641273022,1
2.2335723713621296,0.37894787080585957,1.3909615660086274,1.6827136538922787,0
4.5576759682352,0.5425732294097543,1.784618262667209,1.0552769703790545,1
5.109395149245304,1.656316970475018,0.4885523901320994,0.4912238670513034,0
4.915216753428231,1.3864096407778561,0.7839327938854694,0.5970525569282472,1
2.3863771581972886,0.48108947928994894,1.2403098144568503,1.692295799497515,0
0.553705399126724,0.08597759203985333,1.1289939545094967,0.8964064824394882,1
5.128604980007307,0.28095818823203444,0.08280314225703478,1.3947921353392303,1
9.729257672974928,0.43277083011344075,0.9484869716688991,1.8948018220253289,1
2.760221045954519,0.958797128405422,1.898410466965288,1.146170471329242,0
2.966624400017455,0.39482068456709385,0.4806626900099218,0.9857225129380822,1
8.98921852192898,1.438711675349623,1.3562834043987095,0.9945162022486329,1
-4.110255434675285,0.01576947746798396,1.8268643682822585,0.1873398693278432,1
5.104381358829716,0.7509799292311072,0.09116305224597454,1.917395867407322,0
0.3640474239838576,1.0288154166191816,0.27285426249727607,0.3983564539812505,0
3.3013432444166453,0.0031411084346473217,0.20070846611633897,1.0656933705322444,1
0.054858065290852964,1.1632080050185323,0.8193092299625278,0.2705421596765518,0
-0.6594080174102691,0.3158104163594544,1.9398956904187799,0.481412413995713,1
-1.0026850168166714,0.7180566117167473,0.7279693023301661,0.36807227367535233,1
9.471330913571993,1.2912637568078935,1.449802827090025,1.3211134891025722,1
1.9376395643206443,1.5516467252746224,1.4053630949929357,0.20727861439809203,0
1.1509968260680463,1.1272936831228435,0.049629200249910355,0.5604980173520744,0
-5.466347749917268,0.4674067972227931,1.8919970807619393,0.008643316570669413,0
-3.1113322890157407,0.17996103269979358,1.0669830180704594,0.450919171795249,0
1.294809254988366,0.1712241298519075,1.3926183320581913,1.4965464631095529,0
-3.059873257178345,0.6104367389343679,0.09051500540226698,0.05699191056191921,1
6.81949887693499,1.334853029344231,1.8331428579986095,1.4907728084363043,0
4.6233952338346445,4.777931608259678e-4,0.06568844197317958,1.2421018625609577,1
-1.6992795946770074,0.4171399138867855,1.5545944818295538,0.802123052533716,0
8.633385136168243,1.8660682546906173,1.052283551543951,0.685344613622874,0
8.832382070723726,1.8512894972227514,0.5322437672875822,0.4691901719197631,1
11.992976635555376,1.4681886020116508,1.009872158523649,1.5278098466806114,1
-2.058575404418453,0.6661439668387175,1.0649905120953918,0.41668741684406996,0
-0.909946514761273,1.0301266596652567,0.17374047311022878,0.449565967079252,0
6.354878239996703,1.487949292641133,1.8312028595246375,1.3099110419861972,0
6.741108807019433,1.2383184800855815,1.1280165249481797,0.9933984228409827,1
8.257006107933119,1.252490689046681,0.11846105242148042,1.17923688236624,1
-0.5083890724353636,0.4343153964728117,1.3454513885080814,0.8655583676882088,0
5.480474940411934,0.4331346219405532,1.2546453555114567,1.3267148081213236,1
1.3404603704946445,0.7778900573030114,0.1457108398899436,1.2484193565323949,0
9.357183491708849,1.8849113839678466,0.8754101083613932,1.003860108088702,0
10.302844091141928,1.9252160275354981,1.2830814919434488,0.5961447968147695,1
7.519032700602777,1.4797105584293604,1.6199389742687345,1.4640730423852801,0
14.378692708862667,1.4664918114431202,0.7835059440694749,1.6876093363389373,1
3.5685559896562227,1.0715225799940526,1.546845612116158,1.333629026543349,0
-1.1320604788285513,0.004545932170003653,1.7467902502976358,1.009402701165527,0
5.402173612500236,1.2178749050945044,1.2366262329742312,1.423368891235441,0
10.773297151478946,1.6736031188629568,0.7154683680273592,1.9512871908955276,0
12.047685449271428,1.5030451253987849,1.8645133622922003,1.3800782612524927,1
12.320128712838375,0.9054631451144814,1.4894585921429098,1.9909128779545426,1
12.338227825453341,1.0715799876488745,0.12713598320260644,1.9034643066115677,1
9.557946924876006,1.0747533906251192,0.21640701545402408,1.523008354473859,1
-3.988041848999143,0.0027616871520876884,1.637555783148855,0.29140949761494994,0
-1.294529039749851,0.7113319076597691,1.5861538760364056,0.35046072490513325,1
13.462774551589968,1.2242661803029478,0.1142140724696219,1.8685285453684628,1
6.446094212929278,1.6578842611052096,1.8152412353083491,0.9595845574513078,0
2.251465318058009,0.7134439987130463,1.4432772272266448,0.7382221077568829,1
-0.6079022226044783,0.8212702516466379,1.8054139893501997,0.6508146212436259,0
3.1387192122796703,1.1469517978839576,1.071428530383855,0.9481893326155841,0
13.35090298387075,1.1793566071428359,0.6970786713063717,1.862015048507601,1
5.217304968075804,1.4393145847134292,1.666586755309254,1.064622888341546,0
4.03045270820719,0.7899460904300213,1.5806579822674394,1.8330414998345077,0
10.348913109935266,1.838407858274877,1.0628181206993759,0.6539981835521758,1
8.919471797234866,1.9251405871473253,1.5574379451572895,0.6083101993426681,0
-4.0273326935246185,0.4670470510609448,0.1167178931646049,0.010655224323272705,1
8.700799857175342,1.4489951999858022,0.9162208526395261,0.9650527606718242,1
9.565519998169833,1.8072690502740443,0.04466208070516586,0.7543319300748408,1
1.494283086881984,1.2069481695070863,1.4797782232053578,0.2752550966106355,1
3.2085081185454274,1.2630145978182554,1.4114741710945964,1.0330095454119146,0
12.008687063649802,1.874771699309349,0.011413339991122484,1.606590775307268,0
3.9663748392349403,1.7009655013680458,0.9415064402855933,0.08225873997434974,1
4.688441240730476,1.159641798119992,1.192345126066357,1.4267217409797013,0
8.176966872786657,1.6428078478202224,0.567987184971571,1.4176392355002463,0
8.505424347759332,0.2274372181855142,0.11043858109042048,1.7909894501790404,1
6.900820741201335,1.5290155173279345,0.7557485806755722,0.550324666313827,1
2.60138472896604,1.2472269143909216,1.0604477617889643,0.26961030159145594,1
1.4293597415953194,0.29689321340993047,0.5019561387598515,1.8523107315413654,0
-0.6053320242731259,0.1605289331637323,1.8881729850545526,1.2861301214434206,0
1.7094546973558558,0.9281391026452184,0.8749765418469906,1.2088889391161501,0
4.074050625734522,1.5587363229133189,1.4021336152218282,0.6058055339381099,0
5.723101724132585,1.4670559191145003,0.35169578390195966,0.4302389486692846,1
15.817899046591636,1.6344608888030052,0.48394964542239904,1.6394325126893818,1
3.7917021926059116,0.34032496251165867,0.047366365790367126,1.1332060480490327,1
19.76862966007651,1.8894406510517001,0.6575420973822474,1.8090549730695784,1
1.9783384939424478,0.5872476827353239,0.8261828511022031,1.2032713419757783,0
-1.403611524071902,0.29814410489052534,0.21750911138951778,0.40148983895778656,1
14.384756564775222,1.4387571825645864,1.704104520380497,1.6382562136277556,1
5.5321311743773895,0.6481719049625099,0.018119877204298973,1.3127335323952138,1
5.240251259375841,1.5576189970597625,1.9395270575769246,0.8753454340621829,0
-1.4972234880963038,0.7888820036314428,1.6092933844774961,0.27544928388670087,0
1.2868452595899842,1.3571857358328998,1.0020794374868274,0.042014573235064745,1
8.32423179590557,1.5516500854864717,1.8683582781814039,1.4165823943912983,0
-3.5587192779694696,0.37573808804154396,0.9357044454663992,0.19371553929522634,0
-3.9623476854280466,0.05817163782194257,1.0219535916112363,0.16840631235390902,1
-1.3693684881327766,0.27142759412527084,1.6644435934722424,0.39130635978654027,1
9.358014426602898,1.360328356269747,0.3212991952896118,1.9706677300855517,0
11.427272976352445,1.8696459075435996,1.0427230498753488,1.330085450783372,0
12.769331284170256,1.1009881687350571,0.867133492603898,1.976428473368287,1
2.685888021734337,1.203532470855862,0.6636361689306796,0.7757695894688368,0
1.9833157457232413,0.39398897625505924,0.8960475018247962,1.6278651566244662,0
2.5235773729705144,1.0704732211306691,0.08233472052961588,0.5389718203805387,1
2.4580809402981156,0.35911147855222225,0.48672810150310397,0.9549842500127852,1
-0.19612982393987288,0.9037729888223112,0.20633931178599596,0.39817179506644607,1
2.3409059822353924,0.6341067035682499,0.7262618956156075,1.4922475228086114,0
0.3264219458815738,0.23234934080392122,1.3154840650968254,1.1221497454680502,0
-2.0394533484643915,0.3722043135203421,0.8500793143175542,0.4316639075987041,0
3.2081553953924753,1.4594601932913065,0.14438519068062305,0.39452927839010954,0
-2.8709347770832414,0.8237441424280405,1.3742823828943074,0.11538998549804091,0
-0.47150918547054543,0.8280993634834886,1.705572056118399,0.6906883642077446,0
6.79343507134209,0.9606202580034733,1.7344351056963205,1.2441036296077073,1
-1.1163897467036943,0.8549889312125742,0.17816371889784932,0.3472292535007,0
-4.847155967350358,0.2729807202704251,0.026076226495206356,0.011792570352554321,0
5.851209988630167,1.6493588127195835,0.8465121402405202,0.1650597951374948,1
0.5957978389600135,1.184608485084027,1.946516901254654,0.38001292245462537,0
15.100712413679242,1.5887939552776515,0.9981361753307283,1.660515638999641,1
5.173921545574592,1.5380648514255881,1.989305208902806,0.7950971438549459,0
6.200195378258082,1.8361128345131874,0.989763643592596,0.18767258990556002,1
17.701050175016753,1.7252595541067421,0.24607120268046856,1.7796936901286244,1
3.8785215648737354,0.6339504756033421,1.1207715230993927,1.0582170682027936,1
8.195946039068211,0.518521151971072,0.4785850537009537,1.651755747385323,1
3.750208799848715,1.484532903879881,1.450501055456698,0.5699087721295655,0
11.96101797367735,1.494722233619541,1.5720547903329134,1.556356217712164,1
6.5954390964764045,1.835808068048209,0.8995637712068856,0.28985003754496574,0
4.44532217594184,1.5863824184052646,0.9381598383188248,0.45415376452729106,0
3.8211529027033415,0.2666592365130782,0.8037200476974249,1.204606662504375,1
3.813612668038999,0.5754995043389499,1.8047510241158307,1.784615896642208,0
-0.012855847360768724,0.3893522876314819,1.1273768194951117,1.2909516566433012,0
4.950154312814944,1.5682187653146684,1.3819933529011905,0.8652993245050311,0
2.0318733465042467,0.25774432346224785,0.6645484738983214,1.7940091900527477,0
8.791320162080996,0.2581785670481622,0.1897282125428319,1.8911359207704663,1
0.47744165850078757,0.14450622256845236,1.875807648524642,1.2549892156384885,0
-4.259000988653361,0.10625896696001291,1.3420381275936961,0.16603605542331934,0
4.88368745198767,1.0637488728389144,0.029988183174282312,0.8898710906505585,1
-1.9511677603812196,0.22461648331955075,0.2262275367975235,0.723201590590179,0
9.115383981623568,1.4863754394464195,1.6955817150883377,1.9907444841228426,0
8.998960602042088,1.4626309545710683,0.8936388837173581,0.9986978424713016,1
8.36268355606689,1.7702353741042316,0.8037607786245644,0.5155085059814155,1
3.968490873429612,1.0342221111059189,0.8644284042529762,1.44887853320688,0
6.076304487993315,1.7038619699887931,1.327208827715367,0.31577246729284525,1
-0.6776272407817147,0.885592536535114,0.3647386501543224,0.6309149544686079,0
0.210992505456225,0.315760200843215,1.6766775199212134,0.5925710811279714,1
2.0406761852778166,0.884649277664721,1.8347459500655532,1.3589457194320858,0
11.000694775879131,1.9354673344641924,1.5966021264903247,0.912080604583025,0
-1.2149323908571712,0.9691758588887751,1.0061125634238124,0.03877361537888646,0
6.913058554994995,0.5049168788827956,0.5089189941063523,1.4517804104834795,1
0.03926835937428108,0.519379960373044,1.3344908715225756,0.6541354730725288,1
8.657011931754463,1.0840318817645311,1.882198749575764,1.322476620785892,1
2.0769676178326026,1.299751675222069,1.961522058583796,0.7101245396770537,0
3.0915136847295046,0.6728382646106184,0.10459454776719213,0.9157802006229758,1
0.11985563813885763,0.12189949257299304,0.7648090426810086,1.1699704248458147,0
-0.5687710809479556,0.9026217004284263,1.6123551735654473,0.3916866993531585,0
5.530244856694793,1.6775100668892264,1.0957753979600966,0.5179100101813674,0
11.896384139638965,1.1492746686562896,0.6089290431700647,1.740395896602422,1
-1.580920703858126,0.7067007548175752,0.8046096530742943,0.23853670433163643,1
10.103817056250143,1.094852156471461,0.05519157275557518,1.6404807879589498,1
12.958002699488935,1.7854371876455843,1.6979873743839562,1.1443683174438775,1
0.6626835775319405,0.9799811411648989,0.06206740532070398,0.46883272286504507,0
-0.9233953006012889,0.34326422633603215,1.3045836631208658,1.1480408883653581,0
10.661482913636322,1.0860619880259037,1.1936822095885873,1.5077780550345778,1
7.90027953697622,1.9229353917762637,0.6252220761962235,0.20575803378596902,1
6.105684037356887,0.6273676441051066,1.9738202006556094,1.3473514197394252,1
5.103233080992097,1.6410290962085128,1.6578538781031966,0.22637378796935081,0
8.891884848223757,0.6141088008880615,1.2154358602128923,1.7040794398635626,1
-0.448608818250963,0.3709071623161435,0.2762252716347575,0.797903036698699,0
3.4325215037878323,0.09669355349615216,1.7418543244712055,1.1189426998607814,1
3.283367591285328,0.49134829454123974,1.1541754859499633,0.97098472667858,1
-2.792494701965224,0.7022138442844152,1.5983451413922012,0.25384198036044836,0
7.4177038916848135,0.3180447635240853,0.056392412167042494,1.677121997345239,1
6.942513300501869,0.6081959935836494,0.5127154807560146,1.5777358561754227,1
8.33697694277491e-4,0.035096649546176195,1.51353382691741,1.3270431803539395,0
9.145679982262157,1.9931053584441543,1.659896609839052,0.4661750723607838,0
16.519810064969622,1.6087866253219545,1.0474244975484908,1.907509133219719,1
0.118029996795605,0.173161203507334,1.2758751804940403,1.4019517437554896,0
8.542021242633876,1.7398665393702686,0.9758112113922834,1.170016834512353,0
13.063604752507889,1.1091717267408967,1.1636771960183978,1.9057669187895954,1
4.178205826389332,0.8427568436600268,0.20074004540219903,1.8236972191371024,0
-3.1693004114201155,0.13527363818138838,1.6832279372029006,0.15594917256385088,1
-0.05781419740131266,1.1228759130463004,0.8049877495504916,0.13510915217921138,1
2.568761808993086,0.14144378853961825,1.5452092275954783,1.8816910008899868,0
-3.6767822921037197,0.42278387770056725,1.9029157008044422,0.3345717843621969,0
5.4531542626721645,1.099240826908499,0.5309379636310041,1.8239958048798144,0
-0.6353671589154231,0.9639628967270255,1.6585949966683984,0.33663519471883774,0
-2.4729508335369697,0.31893970910459757,1.3073221873492002,0.5970158209092915,0
-3.8702112687193106,0.29915799014270306,1.5970301628112793,0.07705514691770077,0
3.186458256068258,0.9985457607544959,0.37230290938168764,0.8016032199375331,1
14.975831332115563,1.881129756104201,1.5094151496887207,1.2256383271887898,1
-1.9505651071969627,0.6684626531787217,1.4718407369218767,0.49280916480347514,0
-3.4968028931668926,0.37686865916475654,1.5035714972764254,0.04605621472001076,1
0.3497634805670533,0.5394323565997183,0.6652289689518511,0.5684283543378115,1
10.061096660447227,1.0614881562069058,0.11509724846109748,1.6257853670977056,1
5.135267965237596,0.04290045704692602,1.3488308950327337,1.4378367704339325,1
7.007631238877757,1.5975206149742007,0.0831403462216258,1.0591534874401987,0
-3.5327266756200677,0.2206702004186809,1.2871260638348758,0.36867448780685663,0
3.8276467521497928,1.079596571624279,0.5992090138606727,1.3432442573830485,0
5.200711871575419,1.1424677949398756,0.7868621610105038,0.8490506405942142,1
4.4180418953402025,1.237903093919158,1.8470085244625807,1.1233308515511453,0
4.137079320382528,1.429707386996597,1.3584355874918401,0.8855767617933452,0
10.913913611138195,0.2466011573560536,1.4350926163606346,1.8661363222636282,1
3.259341694739071e-4,0.6220992375165224,1.4342732420191169,0.9230657760053873,0
14.899635994854039,1.891478325240314,0.45634411787614226,1.2579669537954032,1
2.503846541586643,1.0000501847825944,0.8175478801131248,1.1439830432645977,0
5.751926635698074,0.2704609981738031,1.142227925825864,1.3681885222904384,1
18.556692702113523,1.7385156410746276,1.758900297805667,1.8896393603645265,1
-5.112570793899287,0.4100992241874337,1.1893560537137091,0.06757827987894416,0
9.12357934581838,1.8500917819328606,1.8362902915105224,0.6517504644580185,1
16.46103309814939,1.773507196456194,0.7027674526907504,1.6093337633647025,1
-1.1585564928497738,0.27259165048599243,0.5079768151044846,0.42668317258358,1
8.403301195534725,1.5706988843157887,1.4282230935059488,0.7891861097887158,1
4.265791086432352,0.906606828328222,0.43694097688421607,1.571805119048804,0
-4.248391483517635,0.27148483879864216,0.8867313070222735,0.0438536312431097,1
9.794812045046433,1.770442073699087,1.3924253638833761,1.2964051440358162,0
1.8004900791160452,0.67342708026990294,1.3470082841813564,1.1499711419455707,0
4.590198821120419,0.6385482302866876,0.361078348942101,1.1864028107374907,1
1.3037760570534802,0.8075656294822693,1.4634903529658914,1.185726786032319,0
8.789474714087739,0.9581546140834689,0.6531259650364518,1.4454717044718564,1
8.034758569165199,0.735803640447557,0.70484918262809515,1.5044717770069838,1
-2.3063928852807374,0.9313811352476478,1.5779863665811718,0.15797050716355443,1
6.2360564269918655,0.09978430578485131,0.7290741386823356,1.4583047316409647,1
1.6256958916250248,0.37471342319622636,0.5663218693807721,1.7123521622270346,0
16.65915834194712,1.9653188274241984,0.52123918896541,1.42459947289899,1
2.557171356631434,0.6565481391735375,0.05383955268189311,1.3501120507717133,0
10.57823693863083,0.3419927810318768,1.3125853925012052,1.9529574466869235,1
9.92579184891811,0.9765097890049219,1.4935598061420023,1.6585544715635478,1
3.415778368915944,0.03737482335418463,1.2622910155914724,1.8945628935471177,0
0.23936176640058976,0.6789701674133539,0.10903619881719351,0.5494945351965725,1
0.11790892066559966,0.05932675115764141,1.0545697291381657,1.1482564387843013,0
5.204515042522196,1.7344573261216283,0.1755449497140944,0.06548391981050372,1
5.640353155495476,1.4634151994250715,0.5405750581994653,0.887524884659797,0
1.5297570149687392,0.6305215936154127,0.0025450563989579678,0.6279675466939807,1
-1.5307762470682074,0.772908023558557,1.4130286960862577,0.4551826477982104,0
-2.4891725297193075,0.6648919810540974,1.5941607146523893,0.36448779748752713,0
8.217382023915903,0.1795559423044324,0.2685857517644763,1.665826303884387,1
9.736809520213043,1.5141112050041556,1.1982609583064914,1.9737681890837848,0
0.5391772539552089,1.2059369944036007,0.7184273777529597,0.3793858652934432,0
-2.541745209843197,0.29079994512721896,1.3561291191726923,0.6792647987604141,0
-0.648894985481,0.06503496691584587,0.7318601417355239,0.9219068665988743,0
4.406724681491876,0.9675362831912935,1.6017731321044266,0.8292419854551554,1
4.879355588493314,0.8891390557400882,1.9740605507977307,1.6919609098695219,0
1.5828090524232747,0.1207711799070239,0.9665214070118964,1.7122083054855466,0
3.1907747532094612,0.6550120441243052,0.1574029684998095,0.9031745074316859,1
9.576271940939565,1.7568580945953727,0.26891011325642467,1.4649703274480999,0
10.843149232361267,1.8612097725272179,1.7886711955070496,1.351932999677956,0
2.4189264809815616,0.7843569139949977,1.4270931663922966,1.499095099978149,0
3.1710311441023276,0.3176935496740043,1.748334483243525,1.9184476593509316,0
11.146236356485012,0.639895202126354,1.8075497415848076,1.9915542206726968,1
4.6963670658272925,0.6139312405139208,0.9545999174006283,1.9607078842818737,0
-0.17417625655169972,0.21562250889837742,0.13355717109516263,1.1319330758415163,0
13.635162325201492,1.9586686068214476,1.4397580926306546,1.8320011091418564,0
11.66715809329468,0.9938068562187254,0.5438580536283553,1.943242740817368,1
2.5849654668985997,0.18614934384822845,0.653160696849227,1.9268553429283202,0
4.247284922591251,0.42354731634259224,0.770099253859371,1.2002868917770684,1
8.904806759498054,1.8610014924779534,0.6614191946573555,0.3921156763099134,1
-3.1356686550319783,0.5936928135342896,0.1971606290899217,0.14455906115472317,0
5.941097292900961,1.3064364977180958,1.1623575524426997,0.81528953416273,1
4.960816239466969,1.802140955813229,1.5123841669410467,0.02593067381531,0
21.686913608273827,1.9815915864892304,1.0340083008632064,1.9786298787221313,1
8.517679103579882,0.8606664426624775,0.5490515916608274,1.4841033387929201,1
3.146500778698391,0.7875538445077837,0.8892355500720441,1.6086334278807044,0
-1.7832958896516626,0.2838177909143269,1.7912125568836927,0.3176736677996814,1
8.86232539830332,0.559613392688334,1.8425651513971388,1.635740834288299,1
5.994156725472215,1.12964444514364,1.0426728436723351,1.0334792854264379,1
19.41756291772897,1.8702790108509362,1.531725976150483,1.7900896999053657,1
10.601201519268326,0.7168002901598811,1.5334430439397693,1.9244389412924647,1
15.099934871746564,1.6840143618173897,1.6764593971893191,1.5308383908122778,1
6.8491571288574296,1.4448184287175536,1.881499380338937,1.27154590934515,0
16.311643890457567,1.5014719786122441,0.845570900477469,1.9068423938006163,1
11.046116501411435,1.84797690436244,1.2094717780128121,0.7740377057343721,1
-1.216049873948682,0.004756213631480932,0.44039564579725266,0.49810850247740746,1
-3.1586767583837254,0.32085982989519835,1.7183974208310246,0.05428233742713928,1
0.44213165439308477,0.798545902594924,1.8553855447098613,0.7026969082653522,0
3.6528933941362496,1.3506391546688974,1.1668770057149231,0.42333481879904866,1
2.3209264963995255,0.9607440326362848,1.317689873278141,0.6282980204559863,1
1.60000919287474,1.067657561507076,0.13061694242060184,0.5648734383285046,0
-1.3962338952815532,0.6339003145694733,0.4890951276756823,0.5883287289179862,0
9.191974518598908,1.6295151803642511,1.0178729146718979,1.5061547351069748,0
2.9927488475107276,0.5844390424899757,1.0298863374628127,0.841779334936291,1
6.986258888110828,0.8182641826570034,1.527326688170433,1.3712289575487375,1
2.4831648146492604,0.1818366153165698,0.5357030285522342,1.9004277982749045,0
6.5065893418925285,1.5971932760439813,1.3754818206653,1.011140825226903,0
-0.5176320214228506,0.7195704993791878,1.1154510867781937,0.37911450397223234,1
-1.6164552468945008,0.08097515348345041,0.861953211016953,1.1430387645959854,0
4.912073812681509,0.08217267971485853,1.7218300881795585,1.3467869977466762,1
12.084327311922598,1.9088684767484665,0.22333819884806871,0.7732523926533759,1
11.329123393871324,0.7466824897564948,0.6326100849546492,1.9334153872914612,1
7.075528912159404,1.6128393351100385,1.4819786036387086,1.0241141677834094,0
4.6983014381261965,1.8201180179603398,1.0932239778339863,0.07376604620367289,1
2.2887752690328163,0.8801524257287383,0.359427762683481,1.2141273911111057,0
5.461419413250956,1.1526730060577393,1.3632564381696284,1.6332072895020247,0
0.462022889712942,0.14733559032902122,0.210634202696383,1.3466826248914003,0
-2.976209423155626,0.3292547888122499,0.5771657810546458,0.3130423245020211,0
16.78626143205161,1.4797815517522395,1.4481082172133029,1.9323945380747318,1
4.981610783291326,0.951422025449574,0.09078231640160084,1.848003651946783,0
1.4050439094900367,1.3710419065319002,0.21764640510082245,0.26612795516848564,0
12.049742812961357,1.903029885608703,0.835256015881896,1.5772612490691245,0
12.304851509415293,0.9949289751239121,1.1930514113046229,1.8597356723621488,1
7.273939925243113,0.9410012532025576,0.39441125746816397,1.290237793698907,1
9.792783714472424,1.1203839001245797,1.0022118748165667,1.4981058798730373,1
3.7523757064720837,1.3050202410668135,1.6494436697103083,0.917338848579675,0
-2.896021510376592,0.5591469975188375,0.18410884402692318,0.12226682342588902,0
6.32958934771421,1.9598151789978147,0.9408180597238243,0.06682211346924305,0
2.946321594068709,1.287728216033429,1.7618790245614946,0.7817438514903188,0
1.3676599941400434,1.1651568715460598,0.8714573914185166,0.37637198297306895,1
4.639371553859132,1.2317420518957078,0.553311662748456,0.5291245304979384,1
8.043583814832648,1.8502805889584124,0.11426918487995863,0.40126668149605393,1
-0.09041067098003136,0.7800457905977964,1.7698522405698895,0.35081973066553473,1
3.183685767398162,0.5758393700234592,0.2957708784379065,1.792488590348512,0
-4.058312129499085,0.18147192941978574,0.634762967005372,0.12407637713477015,1
-0.6472777794871875,0.6440678080543876,1.3612319682724774,0.8222641772590578,0
3.9828084624315774,1.5165402251295745,0.5652526854537427,0.6212341175414622,0
2.26227256790429,0.20882585924118757,0.849484225269407,0.8614212898537517,1
6.341659367079944,1.420555705204606,0.9750892939046025,0.6633011340163648,1
8.130370810422924,1.9329547672532499,0.4828312429599464,0.47646576492115855,0
0.5368487746568384,0.40298245241865516,0.720300666987896,0.7462827838025987,1
-1.1763916848279088,0.21697730896994472,0.13830942381173372,0.9813944725319743,0
-4.191928736606213,0.11080435756593943,0.7213904620148242,0.03929221397265792,1
3.206714973926836,1.6594470301643014,1.9659583121538162,0.059023774694651365,1
8.826185670298747,1.162395513150841,0.38012586906552315,1.3411507792770863,1
10.411655507370615,0.9401847505941987,1.743784767575562,1.6490969094447792,1
8.37359239915981,0.7300282400101423,0.22516916412860155,1.5445447326637805,1
1.7757366121217162,0.5602492545731366,0.3881777012720704,1.5335320043377578,0
11.919194109259397,1.1994317099452019,1.460313162766397,1.5702636358328164,1
9.787583681104543,1.6371392258442938,0.5404958021827042,1.8355731535702944,0
7.51623689809697,0.19566456088796258,0.4201256106607616,1.559139241464436,1
12.860295586000058,1.9273790521547198,1.1650685062631965,0.8411785527132452,1
2.9847436075164815,0.33747288677841425,0.1686802194453776,1.1589153711684048,1
7.214496492598596,0.17216681176796556,0.943811699282378,1.5953986290842295,1
11.732682240881235,1.72242139140144,0.6115600042976439,1.8579908329993486,0
-0.39127830202493946,1.0495812040753663,1.7814051723107696,0.22662665508687496,1
3.0273415966088386,1.3136217505671084,0.42316899774596095,0.38078245567157865,1
0.9897228698274035,0.45903874561190605,1.0420512752607465,1.5423330324701965,0
2.438004348801753,1.4424520628526807,0.02832282753661275,0.2199712018482387,1
2.970969945437285,0.981500789988786,1.0536331869661808,1.2531387954950333,0
15.800074206164663,1.9305111849680543,0.7710993960499763,1.2645146562717855,1
17.832984531846066,1.8138849609531462,0.003067697398364544,1.7332372246310115,1
3.6219491190670694,1.1025010556913912,1.132766951341182,1.3406596374697983,0
2.1390609580763704,0.15119819901883602,0.8956518433988094,1.6933925510384142,0
-0.9148979640844169,0.04540002252906561,1.2317711035721004,0.4553555026650429,1
-0.14110681201716668,1.0264790556393564,0.1004264741204679,0.2664444465190172,1
3.91884289184215,1.2614523032680154,1.3054894087836146,1.0292009306140244,0
2.3005673263810884,0.8375432486645877,0.646025194786489,1.3654173477552831,0
9.25101075485346,1.7585318903438747,0.31690238136798143,1.2535392297431827,0
9.801679315150606,0.21597414603456855,0.4237485667690635,1.944182270206511,1
16.198891260115108,1.9605573927983642,0.7446308168582618,1.2958140894770622,1
0.054916035049712375,0.529933262616396,1.3473760159686208,0.5853070975281298,1
6.994161909812053,0.16855504643172026,0.31328703835606575,1.6192724229767919,1
3.0068155850737917,0.7718143514357507,0.8075331137515604,1.5506753292866051,0
7.457179374690516,0.24979165429249406,0.5251470487564802,1.6493803155608475,1
7.1403863360978885,1.1631084433756769,0.6991986786015332,1.113886252976954,1
-4.005642527735197,0.4802992162294686,0.2263400354422629,0.015148576814681292,1
5.176402618896729,1.4437757772393525,0.5867397449910641,0.9302682634443045,0
9.710740913165907,0.29185738135129213,0.2642236524261534,1.9160107001662254,1
0.8476232276450674,0.30567754060029984,0.9163989624939859,1.5294617279432714,0
1.4140392303796774,0.5184453404508531,1.4712276649661362,1.3516119169071317,0
15.01911094562378,1.5557725201360881,0.10769831342622638,1.672655793838203,1
-0.6853489973973117,0.8529325993731618,0.7852209997363389,0.568433326203376,0
-0.0219335822142519,0.12009667232632637,1.6831061956472695,0.6210640999488533,1
-3.1495381358206958,0.22966507403180003,0.7957577919587493,0.2650114023126662,0
2.7280178997042372,0.96551379468292,0.9127402254380286,1.1918665012344718,0
13.426198667566121,1.9583471678197384,1.9162907507270575,1.6345686479471624,0
9.731035488634872,1.6230335738509893,1.5517879859544337,1.5467587034218013,0
8.795202466503953,1.08582563418895,0.9534362419508398,1.25716094346717,1
-4.323577276253334,0.14473417401313782,1.9691394590772688,0.21348592173308134,0
4.283410084472509,0.932970492169261,0.5912235551513731,1.7190063809975982,0
10.136084968538919,0.6798112918622792,0.3626788300462067,1.8552152249030769,1
8.401672914231625,1.379837210290134,1.545109468512237,0.9519043252803385,1
1.1405572844847915,1.0283147441223264,1.7414453905075788,0.35698728868737817,1
4.717664708642095,1.0298460312187672,0.626075616106391,0.8076035417616367,1
6.5115878304824495,1.0910287080332637,1.8285300312563777,1.9474615007638931,0
12.070895781544099,0.8949146601371467,1.8302189814858139,1.9750012755393982,1
-1.3670473641382237,0.16776968073099852,1.6149968109093606,1.0691471081227064,0
4.6964627127623135,1.8602673835121095,0.7056740066036582,0.04175106715410948,0
0.23706143538951885,0.032896372489631176,1.3511461890302598,0.5637605767697096,1
2.276208955487056,0.8281847988255322,0.5377937867306173,1.3041395265609026,0
9.8158767452755,0.45395218674093485,1.9154606475494802,1.8558064037933946,1
5.213567931042615,0.19928117468953133,0.2427563308738172,1.299624283798039,1
2.861222710514344,0.9658477501943707,0.6459491020068526,1.084869115613401,0
5.745213329249723,1.3002573428675532,1.2575724627822638,1.339117871131748,0
12.84290004633233,1.8426595567725599,0.48385899141430855,1.9108830378390849,0
7.623587294680385,0.7252036142162979,1.8574907719157636,1.4232518253847957,1
9.046788329323446,1.7102699801325798,1.1856029611080885,0.6797421891242266,1
1.6389764024441242,0.6018123030662537,0.721833414863795,0.7822359628044069,1
2.596160479681683,0.9313248503021896,1.2167165772989392,0.601975544821471,1
8.500450206182022,0.2854613298550248,1.2062681000679731,1.7565020024776459,1
6.121625913230541,1.6154379872605205,1.7620064280927181,0.8275147979147732,0
-0.08430698971785822,1.331615263596177,1.2611139412038028,0.014116821810603142,0
-3.1562518503857353,0.12388195982202888,1.731745186727494,0.16315738065168262,1
-1.2846059964948715,0.8618511366657913,1.845029833726585,0.42049297830089927,0
6.899355746967019,0.7937101628631353,1.1375575824640691,1.3412079880945385,1
4.435644859460111,1.393913502804935,1.4932307112030685,0.9051608326844871,0
6.607820741241328,1.3186393012292683,0.7839263030327857,0.8559848484583199,1
5.741433347516846,0.8147014193236828,0.2829772657714784,1.1296518174931407,1
-2.7215262771206428,0.6138404407538474,1.8902373816817999,0.09294820576906204,1
5.916341307671272,0.5102146901190281,0.48586426954716444,1.3156096898019314,1
5.322442016002743,1.3451363067142665,0.044491359032690525,1.4074650085531175,0
9.304188575922765,1.7887868671678007,0.45558861922472715,1.4773982279002666,0
11.720140837197652,1.6914723124355078,0.47293552942574024,1.1092551699839532,1
-2.712483409928072,0.7858037138357759,1.1125826006755233,0.1314221005886793,0
3.5871563026896363,0.15810107998549938,1.32541188551113,1.1448933226056397,1
6.563540599578176,1.6568461139686406,0.9968505930155516,1.0061202025972307,0
-1.6364117085345744,0.14578364975750446,0.23114661825820804,0.9098773240111768,0
-0.15216005889847983,0.22952535515651107,1.287080158945173,1.399838314857334,0
4.49946411387213,1.2799685401841998,1.2543009473010898,0.8162536532618105,0
3.7675425601178527,0.6411324003711343,0.5109604522585869,1.8152715391479433,0
-1.102636074094782,0.377499052323401,0.47150951251387596,0.46305657224729657,1
-0.44552648002143447,0.7876592823304236,0.7066591959446669,0.9095804546959698,0
15.649359234193302,1.7240520319901407,0.6144093815237284,1.5820912923663855,1
4.423574100721994,0.6958228130824864,1.5415248479694128,1.8902126085013151,0
7.054417615525568,0.0028677969239652157,0.4568013665266335,1.5553728230297565,1
8.30553974685576,1.8225689074024558,0.9206565259955823,0.7783053671009839,0
19.415709147473365,1.9034468978643417,1.6760531435720623,1.7121803709305823,1
4.188012025981001,0.9818379660136998,0.5129250613972545,0.9602035605348647,1
-0.77140679596826,0.9273034306243062,0.9207487585954368,0.2933525489643216,1
7.714419890195597,1.192944093607366,1.6685335636138916,1.1272875992581248,1
7.323872372041223,1.8121019145473838,0.6605395777150989,0.3197440621443093,1
-2.445463658242526,0.3460023580119014,1.0107681662775576,0.6153998454101384,0
14.861006813224092,1.5717621534131467,1.5433342661708593,1.580103326588869,1
0.7336848378692999,0.46586876921355724,0.359386530239135,1.5259703979827464,0
5.2148788610139585,1.1540964180603623,1.985505262389779,1.6815546667203307,0
5.62463274815959,1.6817540666088462,1.9126765187829733,0.17837112210690975,1
0.49163854674085794,0.26440755371004343,1.0345683814957738,0.6447639288380742,1
7.854587980334488,1.7917823791503906,0.2427660278044641,0.9954971196129918,0
-0.6672263790869403,0.9002746823243797,1.1261122226715088,0.37238149298354983,0
7.13196336908131,1.788285075686872,0.07490652706474066,0.588822927325964,0
4.408277515111834,0.49709036108106375,1.9081514826975763,1.2443255824036896,1
-0.35369249268622827,0.16739058727398515,0.0242507909424603,0.5843280805274844,1
-3.6530043112851387,0.09728214936330914,1.153267397545278,0.21802673349156976,0
13.024723914980896,1.9596317340619862,1.48503482574597,1.7504509533755481,0
8.458478966675484,0.9683354822918773,0.3773344922810793,1.384749624878168,1
9.787610741114158,1.6907860678620636,0.5941494405269623,1.707301220856607,0
4.975845402624157,0.8325872090645134,0.8939733048900962,1.9078443958424032,0
4.9418043623170504,0.9786850856617093,0.7828865274786949,1.8899629330262542,0
-4.624780124920681,0.36657563503831625,1.314086765050888,0.03998988214880228,0
7.3345697501316485,1.5183229357935488,1.2278983611613512,0.791936510708183,1
0.43425216439588493,0.610286605078727,1.4576154383830726,0.5290759019553661,1
-0.6394427949174591,0.33135649422183633,0.6408690651878715,1.0258475570008159,0
1.3533459718306178,0.06561828590929508,0.28839330933988094,1.5227892487309873,0
-3.984679752695882,0.27301041642203927,0.10782199958339334,0.12076195748522878,0
9.369322653232711,0.3542728228494525,1.910191539209336,1.8660087366588414,1
0.9852215552606061,1.0391209009103477,0.051201880909502506,0.6978832487948239,0
9.271951225158837,1.622241570148617,1.841526278294623,0.8235957869328558,1
9.87134871963129,0.23072402505204082,0.7333294898271561,1.9222929552197456,1
8.818574156875465,1.7868435732088983,1.3967850939370692,1.0621458278037608,0
4.2594024913567035,1.150705762207508,1.1387046938762069,0.6770238862372935,1
0.7042034548907989,0.2931447885930538,0.5680222730152309,1.2615094678476453,0
6.094556350016183,1.8056115927174687,0.022739837411791086,0.24347753170877695,0
9.884984967869595,0.50600493885576725,0.8427440384402871,1.7949373349547386,1
2.077177740350769,0.3011952005326748,1.2285849833860993,1.0334172444418073,1
14.402409138111146,1.53709431970492,0.009510743897408247,1.6189304837025702,1
2.862522814895608,0.46024666214361787,1.3271985887549818,1.7874151291325688,0
1.4296263821872945,0.6107986560091376,0.23130625812336802,0.7591496338136494,1
-1.691195402157133,1.0371392243541777,1.8045891602523625,0.11457220185548067,0
-0.6285244723099024,0.6691993335261941,0.20199757954105735,0.691464236471802,0
1.10574618009319,0.30886993650346994,1.1308309151791036,0.7996342554688454,1
4.818638008720085,0.5327391372993588,0.5028633461333811,1.2129784389398992,1
2.1703265508531375,0.7015092335641384,1.162391799967736,1.3600942203775048,0
2.6910921174050473,1.1569167575798929,1.905047410633415,0.4138827146962285,1
18.519587977518135,1.6172035904601216,1.4545576060190797,1.9520182479172945,1
6.057350455119328,1.8665406298823655,0.8091453029774129,0.05512387864291668,0
6.497554684913894,1.6677266750484705,0.9847288085147738,0.5381547310389578,0
0.36492101726176074,0.25400554900988936,1.3442806992679834,0.6047405474819243,1
14.263322237001548,1.2989079030230641,0.9364644549787045,1.8713435856625438,1
5.696112385686877,1.3807033151388168,0.591484044212848,1.212512778583914,0
0.9659613836021752,0.06408964889124036,1.09233514405787,0.6650909064337611,1
13.056066278719088,1.8409782997332513,1.4700512406416237,1.1193237216211855,1
0.048405796770282186,0.9569377740845084,1.5432284018024802,0.30253251548856497,1
-0.3921522381979443,0.5330411568284035,1.6287864549085498,0.91481554787606,0
3.6599321185393254,1.7130214325152338,0.6662570778280497,0.2566542662680149,0
-3.6219276666447855,0.45829295553267,1.7824891321361065,0.12318106461316347,1
8.88707384436937,1.5838937466032803,0.6174067943356931,0.8250160231254995,1
2.9784213877082504,1.2935497206635773,1.3975375718437135,1.093269819393754,0
4.710534147109097,0.8486693813465536,0.38694982742890716,0.9821171518415213,1
4.03996806844388,0.19013653602451086,1.9534151987172663,1.2099005859345198,1
-1.7914107163637942,0.0069354078732430935,0.33818516228348017,0.7467695884406567,0
13.426278264121164,1.0622673379257321,0.3408534321933985,1.9576276009902358,1
11.8154942297835,1.0486142318695784,1.2561808098107576,1.70730283530429,1
-5.177686073691681,0.42637110920622945,1.468391071073711,0.015951004810631275,1
5.790089204512835,1.433864159975201,1.878226483706385,1.1503313146531582,0
8.080127314255169,1.9226871524006128,1.5365924215875566,0.307522876188159,1
1.901129342479367,1.036533199250698,0.3326152670197189,0.9157191249541938,0
0.3403739909619277,0.3490560445934534,0.5605903081595898,1.2598563530482352,0
0.39668767950838757,1.1250802697613835,0.850531411357224,0.5468051205389202,0
1.8619204594041083,1.5185163393616676,1.6745869969017804,0.21191363269463181,0
2.8606409143636498,1.3339426750317216,0.3030094518326223,0.1949699828401208,1
2.6644555011371462,0.44974584644660354,1.331707556731999,1.9299610909074545,0
-3.2268463523630047,0.6916995248757303,1.6361674452200532,0.050074538215994835,0
9.122848792438514,0.6396635198034346,1.3472365597262979,1.793302950449288,1
14.347419845366543,1.8097967952489853,0.7509538549929857,1.1689941696822643,1
-0.10724617891812327,0.398396760225296,1.7686719452030957,1.325060818810016,0
4.201083191560189,1.3619260331615806,1.142065410502255,1.0202129422686994,0
-1.674823969848345,0.27503551729023457,0.9398955344222486,0.4943690821528435,1
2.4735319733803642,0.21398937376216054,1.2721809837967157,1.8277542334981263,0
-0.5635393677926925,0.18571879155933857,1.4811959005892277,1.1445981748402119,0
15.488727452201234,1.8328979103825986,0.2917551943100989,1.2290204297751188,1
0.19950737585395242,0.5541208717040718,0.8128065606579185,1.0701379044912755,0
11.380116222933779,1.77158775459975,0.9165787175297737,1.5746753821149468,0
14.047615276376654,1.5457292990759015,1.1164900190196931,1.5292498324997723,1
10.673316498220796,1.5901024723425508,0.819379894528538,1.032693248707801,1
0.3212716893691662,0.41134718619287014,1.9962390968576074,0.6074282256886363,1
-1.7364365501666608,0.09638664592057467,1.5005501117557287,0.41317218262702227,1
-1.8001979469293092,0.07763186236843467,0.3768979124724865,0.8845974723808467,0
5.009583336302382,0.5691482597030699,0.2174844858236611,1.227908824570477,1
1.909060153953975,0.6976196649484336,1.487629713024944,1.3036376992240548,0
9.783006182250302,1.4749066508375108,0.23015427310019732,1.2659831405617297,1
5.6534723560731655,0.5033271624706686,1.9956406820565462,1.442823773715645,1
-0.3425451841770443,1.0348740061745048,1.5562443104572594,0.4137040372006595,0
6.7975066119003635,1.5188894453458488,0.8163660797290504,0.7745933271944523,1
3.820252784617216,1.2721690558828413,0.5564666022546589,0.9770645285025239,0
0.3836188128044078,0.40788137074559927,1.9133917442522943,0.6199343781918287,1
15.094300517570376,1.9860905641689897,0.5090640098787844,1.954584062565118,0
2.1352774541968196,8.10086727142334e-4,0.24021240696310997,1.6446176222525537,0
-3.1693782530881762,0.4131400501355529,1.089980169199407,0.2587856072932482,0
3.8672425329833184,1.2680561812594533,1.3470568764023483,0.9425829187966883,0
2.559618805453206,0.03458365052938461,0.74866604199633,1.8590273540467024,0
-2.7920773676412414,0.0534709426574409,0.29423183016479015,0.29097033804282546,1
5.1823728308919526,1.21568119013682,1.938011993188411,0.8203701563179493,1
1.2519162807762851,1.141082705464214,0.13847358897328377,0.16425211960449815,1
9.292131801889052,0.4917066958732903,1.2047747876495123,1.861742325592786,1
12.541706571261159,1.8390501728281379,0.3897366994060576,1.6366874226368964,0
2.4887526696025475,1.3444324033334851,1.1283477069810033,0.3991987011395395,0
10.416773290037526,1.2909008786082268,0.2952042752876878,1.2533134100958705,1
-0.32470358574547925,0.41657090932130814,1.64818518422544,0.9472223133780062,0
7.067606715359409,0.9612354715354741,0.6590518173761666,1.2674145987257361,1
11.501262735422072,1.9730371665209532,0.9521980439312756,1.2443768768571317,0
19.489292807703666,1.986239695455879,0.3795671612024307,1.7778915548697114,1
4.784889613191367,0.9015480731613934,1.0388732692226768,0.9103554231114686,1
14.795494796087171,1.4296975722536445,0.9901830307208002,1.8187040584161878,1
7.348172185013528,0.6331232250668108,0.2833270225673914,1.4899365077726543,1
9.443609653318134,1.6673751212656498,1.5065615600906312,1.5162051832303405,0
0.4131132231393526,0.8679511630907655,0.021849657874554396,0.8674790351651609,0
6.972462523408041,1.9919845163822174,0.3559239082969725,0.07004057848826051,0
10.27348021333295,1.6116224266588688,0.22735248738899827,1.7732885428704321,0
1.2106434521251073,0.9724843348376453,1.0734060681425035,0.6795031223446131,0
7.027351774165702,1.0775440018624067,1.0908489590510726,1.1353197190910578,1
-2.9178055768496067,0.6820798167027533,0.04184320289641619,0.07517288206145167,1
1.1939344496536737,0.10403120890259743,0.30146489664912224,1.5113261532969773,0
10.73268020450831,0.9174462263472378,1.1126750470139086,1.7484226026572287,1
-1.1997829986489885,0.9963131807744503,1.5090557406656444,0.23580127069726586,0
-0.05599523626917002,0.5655284505337477,1.322683922946453,0.49312924267724156,1
4.628451554190203,1.5528901647776365,1.5315989032387733,0.5102880159392953,0
-3.6661615742687275,0.607705523725599,0.28568406868726015,0.016462748404592276,1
5.361848123695192,1.0311023639515042,1.1720879403874278,1.7240700447000563,0
0.7454158821734487,0.9559015464037657,1.4145376961678267,0.8221520595252514,0
7.74635467811714,1.537704449146986,0.8401850773952901,1.3890977203845978,0
0.4191345813576356,0.32785771135240793,1.9817943526431918,0.6381318578496575,1
0.8559453771855168,0.8835482997819781,0.17203632043674588,0.8918950972147286,0
4.6858966448345925,1.0468153394758701,1.0982306487858295,1.615116884931922,0
1.1504113074066533,0.9538383772596717,0.7573689823038876,0.9133748202584684,0
3.6770985715424818,1.0492865755222738,0.7754410589113832,0.6783183650113642,1
12.384604346359836,1.3704564943909645,0.6506186714395881,1.5496911061927676,1
12.46040748093179,0.7035840442404151,1.9929132061079144,1.9518991811200976,1
9.564301763367705,1.6792625705711544,1.4928161916323006,0.8229041239246726,1
10.6735466916216,1.8438273831270635,1.5595799195580184,1.354665351100266,0
2.578741693123648,0.2126192427240312,1.8093401324003935,1.0597496279515326,1
-2.115885783004151,0.41305783623829484,1.3334499895572662,0.2571098650805652,1
-1.5634548445707392,0.9732858235947788,1.383657236583531,0.09977307356894016,1
-3.1170516705862377,0.6476440476253629,1.8921388508751988,0.07440498610958457,1
5.838585085691834,0.9434278500266373,0.2591980746947229,1.9239383940584958,0
2.661428497131189,1.1721770041622221,1.9011332211084664,0.6941470862366259,0
7.150402594555581,0.4479000251740217,1.9052777932956815,1.556304610799998,1
3.0607143053256305,1.4680594401434064,0.17570535372942686,0.4433551491238177,0
7.336381155867517,0.30096819810569286,1.6876738131977618,1.594753517769277,1
6.7229180870669065,1.395106733776629,1.5142455212771893,0.703909735661,1
-3.67928009883499,0.528215809725225,1.1768701253458858,0.056720617692917585,1
2.4319828148751994,0.8529298445209861,0.610005110502243,1.2883704397827387,0
9.012493096606281,1.442667146679014,0.027350091375410557,0.9833759404718876,1
2.0623652007713074,0.948943414259702,0.6463847970589995,0.5321285394020379,1
2.03845085060479,0.6771739218384027,0.33978729601949453,0.6825881698168814,1
-4.730800182524699,0.4811842776834965,0.4375221561640501,0.1377471350133419,0
-3.764728963728504,0.43251935578882694,0.9453294612467289,0.16870206268504262,1
2.6913046890822434,0.4841162380762398,0.01605956768617034,1.8946345830336213,0
5.15004860544788,1.129809346050024,1.5535256122238934,1.5330376448109746,0
8.086087342072855,1.4251361778005958,1.5828424822539091,1.9178608716465533,0
2.157297631770603,0.21619319589808583,0.23803831823170185,1.782845818437636,0
6.379409699185308,1.0381517470814288,0.38725090166553855,1.9836260667070746,0
9.036017914648577,1.704380689188838,1.9986781645566225,0.5801097578369081,1
7.2632261574032855,1.4292638842016459,1.8064628010615706,1.5638375198468566,0
2.312937006174993,0.6279633697122335,0.01065468369051814,0.8187211081385612,1
-1.7068752246029055,0.2316342848353088,1.4475794564932585,0.7535844803787768,0
6.32190025563377,1.150008135009557,0.8134839278645813,1.9130041329190135,0
9.278408231712985,1.6627438440918922,0.04583688685670495,1.011204823385924,1
-0.5993902288680645,1.0406795158050954,0.7952011590823531,0.09898224286735058,0
1.6684228274703852,1.3880220572464168,0.35507273534312844,0.2651001587510109,0
3.8134117729997548,0.9998079789802432,0.5070955897681415,1.5432570865377784,0
8.930695459158736,0.7083207974210382,1.8272895202971995,1.6375447772443295,1
11.512714730716052,1.9296083180233836,0.7497335635125637,0.7535048434510827,1
6.316680035717681,1.8445225083269179,0.5995302931405604,0.08664086414501071,1
-1.0919572323177762,0.40918541327118874,1.5421520522795618,0.9081987482495606,0
7.136833430873389,1.9098058654926717,0.028633334208279848,0.19171935925260186,0
6.214456455842303,1.747985664755106,0.38195888325572014,0.5412165555171669,0
14.35817049421272,1.394689662847668,1.998612154275179,1.8682504622265697,1
11.47582727730626,1.0251875696703792,0.03726819343864918,1.727225418202579,1
6.988100791331361,0.9616330307908356,1.435762443114072,1.9982711803168058,0
-3.0600258103266254,0.4036018461920321,1.0747064659371972,0.2596716219559312,1
3.079535465182636,0.20045870868489146,0.782932547852397,1.090580327436328,1
9.577312578801125,0.9451777492649853,0.9985479894094169,1.664256454911083,1
4.7127372675871815,0.624359296169132,1.979852756485343,1.936817420180887,0
9.58450010047353,1.544798610266298,0.9895474896766245,1.840413625817746,0
5.935061015143374,1.80214800266549,1.9533573584631085,0.3140530763193965,1
-3.9948735078425415,0.6704585682600737,1.495846024248749,0.10066265007480979,1
16.101717680344354,1.6478884927928448,1.3690098030492663,1.664736745879054,1
-2.321072963604991,0.44006571965292096,0.9894940042868257,0.2597829927690327,1
4.11717845251254,1.5322474767453969,0.10903459647670388,0.7671987023204565,0
9.014489728592803,1.1214157021604478,1.5622787810862064,1.4458450130186975,1
-2.183859114900046,0.8469110755249858,0.6925798240117729,0.11629822663962841,0
6.00264043036184,1.677139576524496,0.04435342038050294,0.33891608798876405,1
0.7886064897199323,0.5746411751024425,1.2455490860156715,0.7641399274580181,1
-0.007872404424395019,0.941441401373595,0.2592437067069113,0.48923260997980833,0
8.357960834921737,1.5616890667006373,0.35969643108546734,0.8338913065381348,1
0.6246764023896105,0.1654336745850742,1.2727602268569171,0.6560648456215858,1
-0.9866436376306235,0.7890351004898548,0.3374647223390639,0.2560603404417634,1
-1.3768543581399726,0.19132281467318535,0.724164548330009,0.7304821605794132,0
3.1748435141428772,0.2666664719581604,0.44184900959953666,1.1924666063860059,1
2.033584881514394,0.4422523560933769,1.655226044356823,1.5183792519383132,0
4.514078868285241,0.5482390820980072,0.007285479921847582,1.0782291628420353,1
-1.4786578580328342,0.5981184993870556,0.3150317561812699,0.5465048453770578,0
10.167623270913753,0.7495735450647771,1.8744085328653455,1.8719778549857438,1
5.9083976994292415,0.9829049850814044,1.5308745447546244,1.0711965574882925,1
10.270162300053647,1.7572052469477057,1.6432663640007377,1.741341482847929,0
12.985129153781045,1.4974596574902534,0.503602187614888,1.5391783993691206,1
16.064040574522775,1.9103720462881029,0.2351114465855062,1.3986099767498672,1
-3.0114866739393924,0.6638404261320829,0.2656911611557007,0.12346787843853235,0
10.3517011858054,1.6483255927450955,0.8387200483120978,1.5296984636224806,0
-0.942284599739961,0.26533076679334044,0.7317450204864144,0.4904254642315209,1
-3.2567474482032064,0.24939370760694146,0.28954687900841236,0.23541238391771913,1
8.263958903750757,1.4562194235622883,1.0397017574869096,1.610097091179341,0
13.735627869974087,1.0968416570685804,1.4915807549841702,1.965741294901818,1
4.866874495771023,1.2170348255895078,0.2195663871243596,0.7065305495634675,1
-3.84993239404821,0.245893401093781,0.73920495249331,0.1729714572429657,1
4.593530891483763,1.752869397867471,0.44486371520906687,0.01124205719679594,1
7.3772447404072965,1.6846976312808692,1.7939479411579669,0.8793212450109422,0
-3.2644211698172185,0.09247562708333135,0.21269756462424994,0.39099781634286046,0
2.4242686662835213,1.4140366571955383,1.6779991742223501,0.11605814471840858,0
5.927142400501797,1.0695821102708578,1.6907390379346907,1.5855149636045098,0
9.919231155777066,1.8909144680947065,0.053833041805773973,0.6249541616998613,1
7.861012952338886,1.8240599581040442,1.5306964134797454,0.6696787639521062,0
11.660052327463742,0.9119570329785347,0.5496504786424339,1.970833269879222,1
4.502892444191601,1.531040957197547,0.3018252542242408,0.6857444695197046,0
8.257767892372906,1.0100891590118408,0.19739554217085242,1.3885592059232295,1
2.0526648631619784,0.405096965841949,1.4227089523337781,0.884103573858738,1
7.5090027081391115,1.4342774446122348,0.9124352629296482,0.7277968944981694,1
13.12533382319473,1.5361539288423955,0.7982740653678775,1.52814638055861,1
7.450471870215767,1.4127540905028582,1.231906084343791,1.5514089078642428,0
0.5094202689976548,0.3832482723519206,0.2655402193777263,0.6233622687868774,1
-1.7306500689760411,0.5957996021024883,0.1612832136452198,0.5208526691421866,0
6.79270258604627,0.6502625327557325,1.326389083173126,1.3658960130997002,1
9.469129750097219,1.1437524696812034,1.5870817978866398,1.4493106491863728,1
14.867244306007187,1.7649830509908497,0.7467328691855073,1.433459347113967,1
10.454264816961468,1.7542067528702319,1.5977743016555905,0.8750378643162549,1
-3.07655393373339,0.7717050742357969,1.6212381315417588,0.30826964136213064,0
3.4605708882047512,1.4755443097092211,1.7292326088063419,0.21545124147087336,1
9.531747786504337,1.59263872820884,0.8454997297376394,0.9506645696237683,1
8.648202292564006,1.448322921525687,0.19174436153844,1.8608590885996819,0
1.5431326600631596,0.7708771778270602,1.7651882539503276,0.5903664277866483,1
2.893931452766154,0.5963045652024448,0.5773396329022944,0.9069669721648097,1
0.2770639898928776,0.11494230479001999,0.6102164443582296,1.3232884840108454,0
6.415147709602335,1.3473859285004437,1.632210349664092,0.8311169166117907,1
-2.735531156357624,0.3959838538430631,1.1737768133170903,0.13148374389857054,1
1.317702583722115,1.250215798150748,1.3254755921661854,0.2078438214957714,1
9.360704588062145,0.27636568108573556,1.2888368698768318,1.8762371693737805,1
4.673561579624602,0.746157041285187,0.4565395205281675,1.878344427794218,0
10.03629613979159,0.6281796656548977,1.2198383552022278,1.8217033185064793,1
4.7026281886323265,1.6303697996772826,0.9726872951723635,0.28912232629954815,1
-1.978091396067931,0.736636193934828,1.1600382709875703,0.399309110827744,0
6.859730283726162,0.8792882524430752,1.6253440203145146,1.323846582788974,1
-1.5167357227069578,0.8781160549260676,0.9896305641159415,0.5029379683546722,0
11.807080517460363,1.2036565714515746,0.1640664665028453,1.6725605828687549,1
-1.29085316578226,0.8078138725832105,0.9275998496450484,0.3636207403615117,0
13.344927571835829,1.916636561974883,1.196743558626622,1.895880002528429,0
13.214738622493359,1.9415359273552895,1.827756816521287,0.8913938892073929,1
12.315972838181874,1.829056046437472,0.09604954300448298,1.7254585856571794,0
-2.508686199649533,0.1657474166713655,1.6361907706595957,0.6163444030098617,0
4.541625700540692,0.9537192219868302,0.17528965417295694,1.7625493328087032,0
4.201712786526362,0.6782705318182707,0.5419358867220581,1.0896828011609614,1
9.860807289404834,1.346871627960354,1.6948242229409516,1.2744404347613454,1
1.0991981953996859,1.2729718904010952,1.8374171401374042,0.060762802604585886,1
7.180247488845531,1.7185562290251255,0.1640829388052225,0.8185985367745161,0
14.004631196531458,1.896568849682808,1.115129933692515,1.1259739976376295,1
0.8295353460302581,1.1479341317899525,0.08545833919197321,0.2801995212212205,1
6.067829147368827,1.0705381110310555,0.5217782105319202,1.0124167064204812,1
14.183610376416459,1.8833888857625425,0.37592849461361766,1.1301963715814054,1
5.666249893356397,1.7847103043459356,1.1348343519493937,0.10946477064862847,0
7.446361266712605,0.820612677372992,0.13136299885809422,1.4183768671937287,1
0.3882331433886134,0.10006149485707283,0.8750970950350165,1.2174312733113766,0
3.1639399293297816,1.5565385892987251,1.1062050620093942,0.30274824798107147,0
9.574024732659257,1.8519227793440223,1.0804015873000026,1.0438238000497222,0
2.883532137039493,0.7549544158391654,0.5089854588732123,1.5866249673999846,0
2.35513506453142,0.48984198924154043,0.3303574458695948,0.8176462692208588,1
-1.6822859755130617,0.17527181701734662,1.4555621556937695,0.631723873782903,0
1.561091763942823,0.7822169936262071,0.41231572069227695,0.9894552370533347,0
5.476158273179588,0.36512285051867366,1.1729310522787273,1.297860008198768,1
0.1604904614959627,0.26724956929683685,1.827091955114156,1.2997249369509518,0
-0.24825005268243192,0.5149258268065751,0.4139332012273371,1.0046051680110395,0
8.357663217074656,1.1064940956421196,1.6636343146674335,1.27120110578835,1
-0.3381784007145472,0.2961385529488325,0.6178174926899374,0.7256548060104251,1
11.831413713956872,1.9257936482317746,0.37684496166184545,0.6660228874534369,1
5.789261506910025,1.8890457577072084,1.0378894349560142,0.08243594085797668,1
19.71036806483684,1.9845715882256627,0.3680712408386171,1.7499294462613761,1
5.7991535706096204,1.4124211412854493,0.4485562168993056,1.037130018696189,0
2.724145836092587,0.28155671153217554,1.915171698667109,0.9708580202423036,1
-2.797251121804763,0.017965248320251703,0.38622866896912456,0.26208165008574724,1
6.970301171905963,1.3729910771362484,1.9437433457933366,0.8919782657176256,1
3.026401693465697,1.36243638349697,1.8614443745464087,0.43447317043319345,1
17.119786567992048,1.8350217649713159,0.4370754733681679,1.6551460796035826,1
3.671186641140515,0.8168424284085631,0.7185037108138204,1.6046216771937907,0
4.215348671125556,0.8448787801899016,0.19281204510480165,1.6788226440548897,0
12.902978121082027,1.0746401636861265,1.7346151215024292,1.9222328108735383,1
0.48248703310822477,0.8272929261438549,1.9912967304699123,0.4835091265849769,1
1.713405447093753,0.19528931705281138,1.1442283098585904,1.6022473205812275,0
-2.2893444747623146,0.7605352806858718,1.1816198620945215,0.32165694050490856,0
-1.9303915742771092,0.39600115502253175,1.4006634382531047,0.5858660195954144,0
4.360427746936809,1.4500484527088702,1.1481432686559856,0.48042569728568196,1
0.7380988184004779,0.022018081974238157,0.32656290102750063,1.201484157703817,0
5.576733773183359,1.8377155200578272,1.0606896122917533,0.23968444485217333,1
10.375286996626839,1.8004574682563543,0.9984077489934862,1.235344200860709,0
2.058923977243393,1.5083077289164066,1.8399371416307986,0.07488028146326542,1
11.506080455502184,1.903843630105257,0.9050517273135483,1.2515193070285022,0
3.941770792138056,1.2511741844937205,0.8479597950354218,1.2439009970985353,0
7.262665325944946,1.3119010422378778,0.1540921381674707,0.9686372973956168,1
0.3892721986811812,0.7627512351609766,1.8555427938699722,0.8846237407997251,0
-4.4440867122235606,0.13121127057820559,0.6261790920980275,0.2522534318268299,0
11.556535626863866,1.3817617008462548,0.8253607228398323,1.4794837008230388,1
6.129042043753732,0.254967734683305,0.7895717327482998,1.4248649692162871,1
0.28734885495275914,0.5826370371505618,1.3865436310879886,0.9986760197207332,0
1.3943888820525778,1.2644417816773057,1.1843856475315988,0.5529552828520536,0
1.5924380523590167,0.7800479955039918,0.30137137370184064,1.3175799371674657,0
-3.88571791881534,0.14085131976753473,0.6848483732901514,0.23779529938474298,0
7.137212635846446,1.7271458618342876,1.1353622041642666,0.6198533903807402,0
6.466254981471793,0.7703804140910506,1.5198786933906376,1.2416336447931826,1
0.9873168886653392,1.3415202675387263,1.7701200493611395,0.33700088504701853,0
1.2801723934766616,0.042392604518681765,1.4774094843305647,0.884642181918025,1
4.586497058906672,1.1904575214721262,0.8701988514512777,1.5635089362040162,0
-0.998029471206336,0.5524823223240674,0.04093590471893549,0.6735156117938459,0
2.689761269556528,0.7982538100332022,1.8003242453560233,1.5534149771556258,0
-3.79299004581513,0.2916308590210974,0.25007654866203666,0.23932435922324657,0
4.076167882948142,1.6481634569354355,1.9936125008389354,0.0829691682010889,1
-2.2866819562101264,0.28081976529210806,0.12924570543691516,0.6358161615207791,0
16.63919346142822,1.8180950302630663,1.653768565505743,1.619673383422196,1
11.378062018708578,1.7998496228829026,0.7120047262869775,1.6505291652865708,0
-4.650435966034137,0.3846985078416765,0.8036593408323824,0.0761671713553369,1
11.876823900773946,1.064580527599901,1.9341736622154713,1.63861328875646,1
4.250148746461534,1.0442494810558856,1.0768597284331918,0.9635594692081213,1
-1.7780737106347053,0.3206714619882405,1.2609220631420612,0.4528994131833315,0
3.722125918878764,1.0391340353526175,0.6643385966308415,0.6929371766746044,1
-2.5443243554731683,0.44900701846927404,0.20584322651848197,0.28569684736430645,1
-0.319164028600352,0.5630239807069302,1.9706436428241432,0.8981044460088015,0
-1.326242971809179,1.007375159766525,1.3388157594017684,0.16337187215685844,0
9.382145511718743,0.3179212976247072,0.003088594414293766,1.7270252448506653,1
10.600967534973952,1.8412614786066115,0.7317742486484349,1.081561231520027,0
-0.7906139508912415,0.9980589193291962,1.064469165634364,0.20939968060702085,0
6.470604417100262,1.230688154231757,1.1106455367989838,1.7672300725243986,0
4.8795679283917135,1.4878617539070547,1.0876999055035412,0.7906368714757264,0
0.17131900512773307,1.2336364216171205,1.0995268803089857,0.24907389655709267,0
12.860566448715147,1.8602820918895304,1.1690227128565311,1.989329311531037,0
8.818384425288285,0.16075693210586905,0.1253874348476529,1.8524035480804741,1
-3.1801275540086875,0.056242382153868675,0.11927600810304284,0.13932580035179853,1
5.275193586088477,1.0830569374375045,1.7947056437842548,1.7488273913040757,0
-0.18190155914578432,0.4824051377363503,1.1711771422997117,0.5309296194463968,1
10.00208835408648,1.2896750438958406,1.6498817703686655,1.2487884359434247,1
0.7932441190854631,0.7554735983721912,1.148859799373895,0.967254423070699,0
-0.5205900470337008,0.09370737336575985,0.6707251369953156,1.0472960276529193,0
3.389516287857895,0.09628099855035543,1.7918331534601748,1.1584828249178827,1
19.09666888327825,1.9256853847764432,0.13770483946427703,1.721471800468862,1
-0.42431987362700935,0.4529335009865463,1.399386023171246,0.5938220513053238,1
-3.0536194338933935,0.022787139285355806,0.10938449762761593,0.5806550090201199,0
-1.8468584521624778,0.43695127638056874,1.73534419760108,0.7902143183164299,0
-0.5604772693591824,0.1118751373142004,1.6458145477809012,0.6164500471204519,1
2.716819762048329,0.46994429361075163,0.3383138170465827,1.721700738184154,0
3.303970253307071,0.8053925400599837,1.6318530896678567,0.8544437475502491,1
-2.059043589989025,0.028608872089534998,0.9009941625408828,0.8565673572011292,0
-0.6622007616177621,0.7235263367183506,0.5039804778061807,0.8134841178543866,0
3.22374689939173,1.1689994796179235,1.1520524299703538,1.1986152031458914,0
8.20255750503275,1.2115874765440822,1.367266621440649,1.1455564885400236,1
5.633724248971747,0.5274372263811529,1.2145450175739825,1.2882763934321702,1
6.440509428940393,1.3502973541617393,1.3455313998274505,1.6693955175578594,0
14.537962837309667,1.8716124319471419,0.487798570189625,1.3160171783529222,1
3.118049712968512,0.007182812783867121,1.9058481641113758,1.087058398872614,1
12.534011322799502,1.5739423497579992,1.8609056174755096,1.377637636847794,1
2.589561227688607,1.6138662938028574,1.3991203671321273,0.09486020915210247,0
3.4110019827785134,0.14607676910236478,0.5406919033266604,1.0435688141733408,1
10.865677276622332,1.1339986072853208,1.9467065772041678,1.605456167832017,1
0.392899338081072,1.078381692059338,0.10646020155400038,0.47852675151079893,0
3.302282574062771,0.27535031037405133,1.1974235158413649,1.9417627705261111,0
-0.05935982553978006,0.5526652978733182,1.3126766281202435,0.9535329737700522,0
-3.5834859862058455,0.703687013592571,1.5453302045352757,0.012662028428167105,1
3.7019435432212786,1.6256104726344347,1.4936651149764657,0.33533586701378226,0
9.817086128369207,0.3430826961994171,1.6832119412720203,1.849711302202195,1
5.461992778434352,1.042324185371399,1.6548952888697386,1.0744088743813336,1
13.081116156095284,1.5292456848546863,0.9377178978174925,1.3834152719937265,1
-1.3582870645513072,0.5775112947449088,0.3440155694261193,0.7279144283384085,0
4.371749351260126,0.8735566320829093,1.9659209651872516,1.511178096756339,0
7.069111606248194,1.338901515584439,0.8039112351834774,0.9058026736602187,1
-0.9787062606577772,0.07384756440296769,1.5323230889625847,0.5707522458396852,1
-0.12059606380006195,1.1212926981970668,0.18403394939377904,0.27172838943079114,0
12.71184205560117,1.8647664743475616,1.790813120547682,1.6553140571340919,0
2.1903223676464663,0.8692449838854373,1.601757237687707,0.7771182591095567,1
17.267169502631745,1.872465233784169,1.2586752739734948,1.5870380993001163,1
7.735513151722417,1.9566052560694516,1.2719320473261178,0.27583004254847765,0
8.162198395816828,1.3535245773382485,1.803641064092517,1.0122968857176602,1
-1.134498785171191,0.5965377907268703,1.6391583904623985,0.6849883603863418,0
8.172833469777375,0.4165067891590297,0.9978687246330082,1.7085420903749764,1
1.2571238252146384,0.6377928578294814,1.4569946001283824,1.4017419996671379,0
11.260132879783304,1.7087499368935823,1.5619116593152285,1.5174985234625638,0
-0.9209725014152277,0.12211981369182467,0.5434873029589653,1.1899953060783446,0
2.992650834612303,0.3640922112390399,1.4291618894785643,0.9470785879530013,1
3.77928421407006,0.9676732020452619,1.1425789846107364,1.631007649935782,0
2.736943976981564,0.6765671484172344,1.782993411179632,1.8407902466133237,0
13.322274643893001,1.6267253961414099,0.05633832234889269,1.3744275802746415,1
10.849215714899977,1.7408649600110948,1.3579957974143326,1.4257248104549944,0
-0.32431979902324415,0.03832255769520998,1.384997948538512,1.089169752318412,0
8.634102550836174,1.6494963644072413,1.1420802576467395,0.8387214071117342,1
3.3304492954593763,0.802536990493536,1.6674044923856854,1.6818725722841918,0
1.0259618904843726,1.3441165764816105,0.5896172150969505,0.13082238798961043,1
7.846138821105355,0.23734443122521043,0.38117295829579234,1.7666276842355728,1
9.106206684408104,0.952848678920418,0.3381910379976034,1.4491517641581595,1
7.16085596717763,1.8506799275055528,0.03267741855233908,0.1616967935115099,0
-0.9576820276988499,1.149678683374077,0.22932742210105062,0.2009232323616743,0
11.91926257677559,1.825503159314394,0.1278018499724567,1.6276862500235438,0
3.1482165393384918,1.5106038483791053,1.6108889817260206,0.24475581012666225,1
6.578711409804512,1.2619998482987285,0.2656576721929014,1.5634067980572581,0
5.714024851193661,1.5888413009233773,0.18045881856232882,0.40406356286257505,1
11.708691390464859,1.8470929246395826,1.7853883006609976,1.6537635922431946,0
-4.147203293894167,0.328937619458884,1.4676906359381974,0.043292864225804806,0
-1.9944938568529935,0.3857678887434304,1.0027781836688519,0.36345427948981524,0
3.118396100926134,0.19528533099219203,0.5532168038189411,0.9730604975484312,1
11.086772315213794,1.6582187907770276,0.21579222893342376,1.9840006702579558,0
5.92687447420123,1.6117279157042503,1.6940525649115443,0.36749087553471327,1
-4.573230717294422,0.558539972640574,1.4215834368951619,0.00947975367307663,0
-0.5930377730204669,0.8980591581203043,1.6105031878687441,0.2363121947273612,1
4.202868215463003,1.2517574145458639,0.029024815186858177,1.0054758712649345,0
1.7844129454617408,0.741842832416296,0.5072524044662714,0.6538521093316376,1
0.8318530777373363,0.7646378967911005,0.8048892957158387,1.0940168588422239,0
15.689648730814012,1.82896175282076,0.6632108511403203,1.4235851406119764,1
3.144754325868191,0.7805955093353987,1.7342301276512444,0.881003410089761,1
3.3369390664750194,0.1405875189229846,0.3499621362425387,1.0741617195308208,1
7.033525549468703,1.4150132215581834,0.7325968286022544,1.5454634106718004,0
11.518279192992944,1.3859936278313398,0.05558487446978688,1.4489012090489268,1
3.034980323548144,0.1922945803962648,1.8082563648931682,1.0987122803926468,1
-2.4744061195473677,0.07380645908415318,1.6821520123630762,0.4939141501672566,0
-1.1561192974351162,0.8018802418373525,1.9273978867568076,0.4365367437712848,0
4.148600184828127,0.023074450436979532,1.2319257352501154,1.2831767634488642,1
12.806615312138499,1.1357820318080485,0.2428732248954475,1.8414701404981315,1
19.503648995329897,1.8898998517543077,1.85072849271819,1.8750078664161265,1
-0.45880416834070026,0.6866043545305729,0.24920289684087038,0.7688253009691834,0
-1.1611780980216335,0.488996559754014,1.1121590696275234,0.291794765740633,1
8.939877851779297,1.083353954833001,0.36047755274921656,1.4585876506753266,1
-0.8298295419606729,0.2354087559506297,1.9765781126916409,0.9734816793352365,0
-2.0048807556326578,0.7498169103637338,1.403005880303681,0.5050851250998676,0
9.012105683040293,0.6550222337245941,0.5093861874192953,1.655591279733926,1
7.214587403554704,1.894411502406001,1.5963267241604626,0.28919788962230086,1
8.85525663160139,1.8211498246528208,0.7485890765674412,1.1890947478823364,0
6.339133742492502,1.524889430962503,1.773389786016196,0.5446218578144908,1
15.629959033545374,1.5161498324014246,0.2730733100324869,1.8812111532315612,1
8.15772053957498,1.9969816687516868,1.8062181789427996,0.290583954192698,1
12.044309686040716,1.160802809521556,1.804696286097169,1.8218869231641293,1
1.7078086776540062,0.4265683628618717,1.7179530025459826,1.4060401315800846,0
-2.4850820775664553,0.2671037968248129,1.0637955009005964,0.553241765126586,0
3.5412980916231,1.5845646322704852,1.6526803537271917,0.12064006272703409,1
17.60718541680818,1.9638116746209562,1.870196830946952,1.4121220204979181,1
9.131085191382173,1.9640975850634277,1.1297765737399459,0.3278323016129434,1
-3.749761952803791,0.2508869501762092,0.7890276596881449,0.3536062058992684,1
3.684017518104332,1.2365702879615128,0.374466213863343,1.0217144223861396,0
5.849128412833731,1.7163736084476113,1.7669991231523454,0.6770997559651732,0
-4.888509947605293,0.2787750717252493,0.4677400798536837,0.08624034328386188,0
2.5432640351784617,0.7331610429100692,1.8886536350473762,1.686302282847464,0
-2.064622362927494,0.3142604543827474,1.3164304476231337,0.6136374794878066,0
5.770835533322424,0.8956796685233712,0.3190647391602397,0.962837484665215,1
3.779349467722068,0.9717491585761309,1.9077286911197007,0.7604250335134566,1
16.67099394622875,1.900406080763787,0.3106165202334523,1.3160384027287364,1
18.36981083776607,1.809507760219276,1.9119881680235267,1.8217227128334343,1
11.723192208132556,1.8803294035606086,1.3046925007365644,1.5962496846914291,0
8.548286181748766,1.5469864732585847,0.05408356478437781,0.7967645046301186,1
-4.410042073344294,0.18442197144031525,0.8457619263790548,0.27852749777957797,0
-1.1531086879657169,0.03248685924336314,0.40428209817036986,0.6007743468508124,1
-0.9521747535082099,0.6670191739685833,1.240095095243305,0.5596264130435884,1
-1.6070110591232345,0.4837061846628785,1.8441396174021065,0.5071910680271685,1
14.040701890956187,1.5841414364986122,1.153637029696256,1.5644022272899747,1
8.108757091185149,0.9927740753628314,0.287278997246176,1.3452845243737102,1
4.809648260163434,1.027758180629462,0.7301695728674531,0.9087714990600944,1
-0.2684610691818434,0.14480375731363893,0.10661910800263286,0.7493845596909523,1
-1.9612239022290061,0.6902781995013356,0.23113192524760962,0.5465865726582706,0
5.869189715116757,1.5126498825848103,1.4513678653165698,0.5865936600603163,1
1.0007409830233782,0.770238091237843,0.33629320468753576,0.9428099230863154,0
1.006555326333027,0.013842079788446426,1.9168980685062706,0.7797280689701438,1
0.9792579539511173,1.4368784604594111,0.12091878755018115,0.04972311528399587,0
10.764512663009816,1.1139386645518243,1.9469488770700991,1.7132293186150491,1
-2.9269681631138766,0.14016525307670236,0.9843782158568501,0.2796412003226578,1
3.0958356795685438,0.6956330621615052,1.4058422134257853,1.883078892249614,0
5.114643225087017,0.8260111091658473,1.447662342339754,1.1201602900400758,1
-0.08729957983534264,0.6233103978447616,1.5282691777683794,0.5201513865031302,1
2.4583490313972685,1.4751359364017844,1.7588540334254503,0.07975205779075623,0
4.880425547256678,0.7766805677674711,1.4245842639356852,1.016372840385884,1
7.153545709253193,1.2388485562987626,0.49001598404720426,0.9929807921871543,1
2.5408388869491483,1.2470825356431305,0.9855694966390729,0.7457983852364123,0
7.044531475941852,1.6048246622085571,1.5152975097298622,1.1405370119027793,0
8.1816652546408,1.308135874569416,7.469570264220238e-4,1.9367451746948063,0
0.4971587389990334,1.358906236011535,0.16766698705032468,0.16358259273692966,0
2.6288381926530615,0.821509646717459,1.5531656607054174,1.4453214323148131,0
7.16964442382373,1.3265062849968672,0.5870452923700213,1.568815715610981,0
-4.83557748248718,0.0542355552315712,0.695629560854286,0.07497345935553312,1
5.244467870532741,1.6318579292856157,1.2982352618128061,0.40252307429909706,1
0.04960493481814016,0.15008555818349123,1.6874573840759695,0.6642095111310482,1
9.424158890830903,1.8019305844791234,0.13814939465373755,1.133929611183703,0
-3.9990835288516653,0.14165446953848004,0.5306768282316625,0.02186243049800396,0
-3.7358806856701072,0.38224676670506597,1.4206405873410404,0.1706039416603744,1
8.924605630148863,1.553858496248722,0.10213767550885677,0.9259311808273196,1
-0.28552715720765653,0.40626700734719634,0.6709616496227682,0.8998274803161621,0
8.211446563733633,0.8075290210545063,1.7869574399664998,1.5185450818389654,1
10.562563739997458,0.8923612562939525,0.45605969056487083,1.7362026306800544,1
1.130521952976981,1.2125909375026822,1.143928689416498,0.3710599699988961,0
11.018293713398194,1.1528914854861796,0.3820904791355133,1.5183628392405808,1
-3.700359015289244,0.11901353299617767,1.9995264783501625,0.19966492289677262,0
-1.303733904530626,0.3653301699087024,1.0036992859095335,0.4421805371530354,1
2.5708980877588923,0.5922433235682547,1.6401190226897597,1.7908057570457458,0
8.71427049413903,0.7521581724286079,1.274196708574891,1.607559124007821,1
3.9824935619065718,1.4261918836273253,1.705594695173204,0.3347301725298166,1
10.59854688212089,0.25029717199504375,1.3742115455679595,1.969629432540387,1
4.087492872736067,0.8584668701514602,1.5550284376367927,1.6360075906850398,0
0.8995379370528266,0.060754077043384314,0.2933004479855299,0.8866413254290819,1
2.216383095341127,0.9083373388275504,0.5462510143406689,1.169510344043374,0
9.097432876847552,1.588616254273802,0.5208421973511577,1.7730047814548016,0
9.589215968578918,0.9425529926083982,0.7110623735934496,1.6216946872882545,1
1.06352137355747,0.47277922136709094,0.5218613822944462,1.485549298580736,0
17.92509133749771,1.774070033337921,1.710776198655367,1.6839195606298745,1
-1.6488446715889549,0.25190557027235627,1.4697185005061328,0.8132093898020685,0
3.7837622867567315,0.5386227979324758,1.7086252211593091,1.745676405262202,0
10.72349678029911,1.7649162942543626,1.468611075077206,1.812432934064418,0
8.501850411675171,1.5010396437719464,1.4400879507884383,1.7835547714494169,0
-4.363268150725967,0.19538588309660554,1.9666785495355725,0.016609286423772573,1
11.95800579164705,1.6311340318061411,0.3238547295331955,1.2323128143325448,1
8.472719949989118,1.7167860576882958,1.5323597569949925,0.9094386687502265,0
-0.615691866169428,0.2343145995400846,1.9079384449869394,1.1363745867274702,0
1.3432172204092927,0.2747943247668445,0.5318143772892654,1.7987906229682267,0
1.1063716008357831,1.0965139949694276,0.17167514003813267,0.33938087010756135,1
6.346273724670929,0.11805930035188794,0.457851504907012,1.5337546383962035,1
-0.4267290728382458,0.9910465823486447,0.6648590457625687,0.22612194577232003,1
0.7170735956487431,0.014835046138614416,1.9035980175249279,1.5323239648714662,0
